Chapter,Kind,Question,Answer
"בראשית יב', 4‏",טריוויה רגילות,בן כמה היה אברהם בצאתו מחרן?,בן שבעים וחמש שנה.
"בראשית יב', 4‏",טריוויה רגילות,אל אברהם הצטרף בהליכתו לכנען?,לוט.
"בראשית יב',7‏",טריוויה רגילות,המזבח הראשון בנה אברהם ב?,שכם.
"בראשית יב', 10‏",טריוויה רגילות,הסיבה שאברהם ירד למצרים הייתה?,הרעב הכבד שהיה בארץ.
"בראשית יב', 12‏",טריוויה רגילות,מדוע בקש אברהם משרה שתאמר שהיא אחותו כשהתקרב למצרים?,"אברהם פחד שהמצרים יקחו את שרה‏
ויהרגו אותו."
"בראשית יב', 16‏",טריוויה רגילות,פרעה הטיב לאברהם ונתן לו?,"צאן ובקר וחמורים ועבדים ושפחות‏
ואתונות וגמלים."
"בראשית יב', 17‏",טריוויה רגילות,העונש בגלל שנלקחה שרה לבית פרעה היה?,נגעים גדולים לפרעה ולביתו.
"בראשית יב', 19‏",טריוויה רגילות,תגובת פרעה לאחר שנודע לו ששרה היא אשת אברהם הייתה?,"פרעה אומר לאברהם לעזוב את מצרים‏
ומצווה את אנשיו לשלחו."
"בראשית יג', 3‏",טריוויה רגילות,כאשר שב אברהם ממצרים הוא מחליט ל?,"לשבת במקום שישב בו לראשונה‏
בכניסתו לארץ.."
"בראשית יג', 7‏",טריוויה רגילות,הסיבה שאברהם מציע ללוט שייפרדו איש מעל אחיו הייתה?,הריב בין רועי אברהם לרועי לוט.
"בראשית יג', 9‏",טריוויה רגילות,הגבולות בין איזור התיישבותו של אברהם לבין זה של לוט נקבעו כך?,"אברהם מאפשר ללוט לבחור ראשון‏
את איזור התיישבותו."
"בראשית יג', 12‏",טריוויה רגילות,אזורי ההתיישבות היו?,"אברהם ישב בארץ כנען ולוט ישב בערי‏
הכיכר."
"בראשית יג', 16‏",טריוויה רגילות,לאחר שנפרד לוט מאברהם אומר ה לאברהם ושמתי את זרעך כ?,כעפר הארץ.
"בראשית יג', 18‏",טריוויה רגילות,לאחר שנפרד אברהם מלוט קובע את מקום מושבו ב?,חברון.
"בראשית יד', 3‏",טריוויה רגילות,המלחמה בין ארבעת המלכים לחמשת מלכי הככר נערכה ב?,עמק השדים.
"בראשית יד',4‏",טריוויה רגילות,הסיבה למלחמה זו הייתה?,חמשת המלכים מרדו בכדרלעומר.
"בראשית יד',13‏",טריוויה רגילות,ענר אשכול וממרא היו?,בעלי ברית אברהם.
"בראשית יד', 14‏",טריוויה רגילות,הסיבה לרדיפת חמשת המלכים היו א  אברהם ואנשיו אחרי ארבעת המלכים הייתה?,לוט בן אחי אברהם נלקח בשבי.
"בראשית יד', 15‏",טריוויה רגילות,אברהם רדף אחרי ארבעת המלכים עדאשר משמאל לדמשק?,חובה.
"בראשית יד', 17‏",טריוויה רגילות,לאחר ששב אברהם מהכות את ארבעת המלכים נפגשים אתו מלך שלם ומלך סדום ב?,עמק שוה.
"בראשית יד', 18‏",טריוויה רגילות,שמו של מלך שלם היה?,מלכי-צדק.
"בראשית טו', 5‏",טריוויה רגילות,והאמין בה ויחשבה לו צדקהפסוק זה נאמר על?,הבטחת הזרע.
"בראשית טו', 9‏",טריוויה רגילות,"קשורה לעגלהעזאיל,תור וגוזל רשימת בעלי החיים שבסוגריים?",ברית בין הבתרים.
"בראשית טו', 12‏",טריוויה רגילות,"תרדמה,אימה וחשיכה גדולה נפלו על?",אברהם.
"בראשית טו', 13‏",טריוויה רגילות,מתי נאמרו הפסוקים הבאים לאברהם אבינוידוע תדע כי גר יהיה זרעך בארץ לא להם?,בברית בין הבתרים.
"בראשית טז', 3‏",טריוויה רגילות,לאחר כמה שנים שאברהם היה בכ נען לקח את הגר לאשה?,אחרי עשר שנים.
"בראשית טז', 14‏",טריוויה רגילות,באר לחי רואי נקראה על שם?,המקום בו נראה מלאך ה' להגר.
"בראשית יז', 24‏",טריוויה רגילות,אברהם מל את בשר ערלתו בהיותו בן?,תשעים ותשע שנים.
"בראשית יז', 12‏",טריוויה רגילות,מצות ברית המילה חלה על זרעו של אברהם בהיותם בני?,שמונה ימים.
"בראשית יז', 20‏",טריוויה רגילות,על מי נאמר שנים עשר נשיאים יוליד?,על ישמעאל.
"בראשית יח', 5-8‏",טריוויה רגילות,"המאכלים הרשומים בסוגריים   הוגשו עי אברהם פת לחם,עוגות,בן בקר,חמאה וחלב?","המלאכים שבקרו אצלו ובשרו לו‏
ולשרה על לידת יצחק."
"בראשית יח', 24-32‏",טריוויה רגילות,"המספרים חמשים,ארבעים וחמשה,ארבעים ,שלשים ,עשרים ,עשרה מציינים את?","הניסיונות של אברהם ללמד זכות על‏
אנשי סדום ועמורה.."
"בראשית יט', 3‏",טריוויה רגילות,האיש שעשה משתה ואפה מצות לכבוד אורחיו היה?,לוט.
"בראשית יט', 13‏",טריוויה רגילות,כי גדלה צעקתם את פני ה פסוק זה נאמר בעניין?,חטאי סדום ועמורה.
"בראשית יט', 24‏",טריוויה רגילות,ה המטיר על סדום ועל עמורה?,גפרית ואש.
"בראשית יט', 25‏",טריוויה רגילות,בהפיכת סדום ועמורה נהפכו?,"הערים,כל הכיכר,כל יושבי הערים‏
וצמח האדמה.."
"בראשית יט', 28‏",טריוויה רגילות,והנה עלה קיטור הארץ כקיטור הכבשןנאמר בהקשר ל?,הפיכת סדום ועומרה.
"בראשית יט', 26‏",טריוויה רגילות,נציב מלח נאמר בהקשר ל?,אשת לוט.
"בראשית יט', 29‏",טריוויה רגילות,הפסוק ויזכור אלקים את נאמר בהקשר לאישים הבאים?,אברהם.
"בראשית יט', 30‏",טריוויה רגילות,האנשים שישבו במערה היו?,לוט ושתי בנותיו.
"בראשית ט', 21‏
בראשית יט', 33-36‏",טריוויה רגילות,האנשים ששתו יין לשכרה הם?,נח ולוט.
"בראשית כ', 7‏",טריוויה רגילות,הפסוק כי נביא הוא נאמר על?,אברהם.
"בראשית כ', 9‏",טריוויה רגילות,הפסוק כי הבאת עלי ועל ממלכתי חטאה  גדולה  נאמר בהקשר ל?,לקיחת שרה לבית אבימלך..
"בראשית כא', 2‏",טריוויה רגילות,למועד אשר דבר אותו אלוקים  נאמר בקשר ל?,לידת יצחק.
"בראשית כא', 4‏",טריוויה רגילות,אברהם מל את יצחק בנו בהיותו בן?,שמונה ימים.
"בראשית כא', 8‏",טריוויה רגילות,אברהם עשה משתה גדול ב?,יום היגמל את יצחק.
"בראשית כא', 5‏",טריוויה רגילות,כאשר נולד יצחק היה אברהם בן?,מאה שנים.
"בראשית כא', 14‏",טריוויה רגילות,לחם וחמת מים קשורים ל?,צידה שנתן אברהם להגר..
"בראשית כא', 16‏",טריוויה רגילות,הביטוי הרחק כמטחוי קשת נאמר בהקשר ל?,"מרחק מהמקום בו ישבה הגר עד‏
למקום בו שכב ישמעאל.."
"בראשית כא', 25‏",טריוויה רגילות,אברהם הוכיח את אבימלך על אודות?,באר המים אשר גזלו עבדי אבימלך..
"בראשית כא', 30‏",טריוויה רגילות,אברהםביקש מ אבימלך שייקח ממנו?,שבע כבשות.
"בראשית כא', 33‏",טריוויה רגילות,אברהם נטע בבאר שבע?,אשל.
"בראשית כא', 22‏",טריוויה רגילות,פיכל היה שמו של?,שר צבא מלך פלשתים.
"בראשית כא', 33‏",טריוויה רגילות,הפסוק ויקרא שם בשם ה אל עולםנאמר בקשר ל?,האשל בבאר שבע.
"בראשית כב', 1‏",טריוויה רגילות,לאיזה ניסיון מתכוון הכתוב בפסוק והאל וקים נסה את אברהם?,עקדת יצחק.
"בראשית כב', 2‏",טריוויה רגילות,ניסיון זה אירע ב?,ארץ המוריה.
"בראשית כב', 2‏",טריוויה רגילות,יצחק הועלה לעולה על?,אחד ההרים.
"בראשית כב', 3‏",טריוויה רגילות,בעקדת יצחק אברהם?,"חובש את חמורו,לוקח אתו את שני‏
נעריו ואת יצחק בנו.."
"בראשית כב', 6‏",טריוויה רגילות,אברהם מבקע עצי עולה ושם אותם?,"על יצחק בנו ובידו הוא לוקח את האש‏
ואת המאכלת רק כאשר הוא מתקרב‏
למקום.."
"בראשית כב', 4‏",טריוויה רגילות,אברהם ראה את המקום מרחוק מתי?,ביום השלישי.
"בראשית כב', 5‏",טריוויה רגילות,למקום העקדה לוקח אברהם אתו?,רק את יצחק בנו..
"בראשית כב', 9‏",טריוויה רגילות,בעקדת יצחק?,"אברהם בנה את המזבח , ערך את‏
העצים, עקד את יצחק ושם אותו על‏
המזבח ממעל לעצים.."
"בראשית כב', 10-11‏",טריוויה רגילות,מלאך ה קרא לאברהם מן השמים אל תשלח ידך אל הנער ואל תעש לו מאומה מתי?,"ברגע שאברהם לקח את המאכלת‏
לשחוט את בנו.."
"בראשית כב', 13‏",טריוויה רגילות,אברהם העלה לעולה במקום יצחק?,איל.
"בראשית כב', 14‏",טריוויה רגילות,אברהם קרא את שם המקום ההוא?,ה' יראה.
"בראשית כב', 15‏",טריוויה רגילות,כמה פעמים קרא מלאך ה לאברהם?,פעמיים.
"בראשית כב', 12‏",טריוויה רגילות,מלאך ה אמר לאברהם שהוא?,ירא א-לוקים.
"בראשית כב', 20‏",טריוויה רגילות,אחרי עקדת יצחק נודע לאברהם ש?,"מלכה אשת נחור אחיו ילדה גם היא‏
בנים.."
"בראשית כג', 1‏",טריוויה רגילות,מספר שנות חייה של שרה?,מאה עשרים ושבע שנים.
"בראשית כג', 2‏",טריוויה רגילות,שרה מתה ב?,קריית ארבע.
"בראשית כג', 2‏",טריוויה רגילות,השם קרית ארבע הוא שם נרדף ל?,חברון.
"בראשית כג', 4‏",טריוויה רגילות,אברהם אמר על עצמו שהוא?,גר ותושב.
"בראשית כג', 6‏",טריוויה רגילות,בני חת מכנים את אברהם בכינוי?,נשיא א-לוקים.
"בראשית כג', 19‏",טריוויה רגילות,שרה נקברה ב?,מערת המכפלה.
"בראשית כג', 16‏",טריוויה רגילות,אברהם שלם עבור השדה והמערה אשר בו?,ארבע מאות שקל כסף.
"בראשית כד', 3‏",טריוויה רגילות,לא תקח אשה לבני מבנות  הכנעני אשר אנכי יושב בקרבו מי אמר למי?,אברהם לאליעזר.
"בראשית כד', 4‏",טריוויה רגילות,כי אל ארצי ואל מולדתי תלך ולקחת אשה מי אמר למי?,אברהם לאליעזר עבדו.
"בראשית כד', 38‏",טריוויה רגילות,אם לא אל בית אבי תלך ואל משפחתי ולקחת אשה מי אמר למי  אליעזר עבד א?,"אליעזר עבד אברהם בשם אברהם‏
למשפחת רבקה.."
"בראשית כד', 9‏",טריוויה רגילות,אליעזר עבד אברהם עשה את הפעולה הבאה כאשר נשבע לו לקיים את צוואתו?,שם את ידו תחת ירך אברהם..
"בראשית כד', 10‏",טריוויה רגילות,כמה גמליםלקח אליעזר בלכתו לארם נהריים?,עשרה גמלים.
"בראשית כד', 11‏",טריוויה רגילות,מתי הגיע אליעזר לעיר נחור?,לעת ערב.
"בראשית כד', 14‏",טריוויה רגילות,בתפלת אליעזר הוא בוחר את הסימן הבא לנערה המתאימה ליצחק?,"הנערה שיבקש ממנה לשתות ותתן לו‏
מכדה וגם תשקה את גמליו."
"בראשית כד', 15‏",טריוויה רגילות,רבקה יצאה לשאוב מים?,לפני שהוא גמר את תפלתו..
"בראשית כד', 15‏",טריוויה רגילות,רבקה יצאה לשאוב כאשר כדה על?,שכמה.
"בראשית כד', 16‏",טריוויה רגילות,על רבקה נאמר שהיא?,טובת מראה מאוד.
"בראשית כד', 17‏",טריוויה רגילות,אליעזר בקש מים מרבקה במלים אלו?,הגמיאיני נא מעט מים מכדך..
"בראשית כד', 21‏",טריוויה רגילות,אחרי שאליעזר ראה שהסימן שבקש בתפלתו התקיים?,"היה עדיין מתפלא אם הצליח ה' דרכו‏
או לא.."
"בראשית כד', 22‏",טריוויה רגילות,אליעזר נתן לרבקה נזם זהב ושני צמידים על ידיה?,לפני ששאל אותה בת מי היא..
"בראשית כד', 28‏",טריוויה רגילות,רבקה רצה וספרה על אליעזר ל?,בית אמה.
"בראשית כד', 33‏",טריוויה רגילות,אליעזר ספר להורי רבקה על שליחותו?,לפני שאכל.
"בראשית כד', 53‏",טריוויה רגילות,לאחר שהורי רבקה הסכימו לתתה ליצחק לאשה?,"נתן אליעזר כלי כסף וכלי זהב ובגדים‏
לרבקה ומגדנות לאחיה ולאמה.."
"בראשית כד', 57-58‏",טריוויה רגילות,לפני שהורי רבקה נתנו את הסכמתם הסופית לבקשת אליעזר?,"הם קראו לרבקה ושאלו אותה אם היא‏
מסכימה ללכת עם אליעזר.."
"בראשית כד', 63‏",טריוויה רגילות,יצחק ראה את הגמלים באים?,לפנות ערב.
"בראשית כד', 64‏",טריוויה רגילות,כאשר ראתה רבקה את יצחק?,נפלה מעל הגמל.
"בראשית כה', 1‏",טריוויה רגילות,לאחר מות שרה?,נשא אישה אחרת ושמה קטורה..
"בראשית כה', 6‏",טריוויה רגילות,לבני הפילגשים אשר לאברהם?,נתן אברהם מתנות.
"בראשית כה', 7‏",טריוויה רגילות,מספר שנות חיי אברהם היו?,"מאה, שבעים וחמש שנים."
"בראשית כה', 9‏",טריוויה רגילות,את אברהם קברו במערת המכפלה?,יצחק וישמעאל בניו.
"בראשית כה', 11‏",טריוויה רגילות,לאחר מות אברהם ישב יצחק ב?,באר לחי רואי.
"בראשית כ""ה י""ז‏",טריוויה רגילות,מספר שנות חיי ישמעאל?,מאה שלושים ושבע שנים.
"בראשית כ""ה י""ז‏",טריוויה רגילות,על ישמעאל נאמר?,ויגוע וימת ויאסף אל עמיו.
"ברשית כ""ה י""ט‏",טריוויה רגילות,יצחק נשא את רבקה לאשה בהיותו בן?,ארבעים שנה.
"בראשית כ""ה כ""א‏",טריוויה רגילות,הסיבה לתפילת יצחק לה על רבקה היא?,רבקה היתה עקרה.
"בראשית כ""ה כ""ב‏",טריוויה רגילות,מה עשתה רבקה כאשר התרוצצו הבנים בקרבה?,הלכה לדרוש את ה'.
"בראשית כ""ה כ""ג‏",טריוויה רגילות,הפסוק ה   נכון הוא?,"שני גויים בבטנך ושני לאומים ממעיך‏
יפרדו."
"בראשית כ""ה כ""ד‏",טריוויה רגילות,המלה החסרה בפסוק וימלאו ימיה ללדת והנהבבטנה היא?,תומים.
"בראשית כ""ה כ""ט‏",טריוויה רגילות,האדום האדום הזה הכוונה עפ הכתוב ל?,נזיד.
"בראשית כ""ה ל""א‏",טריוויה רגילות,יעקב מבקש  עשו ש?,ימכור לו את בכורה.
"בראשית כ""ה ל""ב‏",טריוויה רגילות,עשו אומר ליעקב?,"הנה אנכי הולך למות ולמה זה לי‏
בכורה."
"בראשית כ""ה ל""ג‏",טריוויה רגילות,לאות הסכמה על העברת הבכורה ליעקב דורש יעקב מעשו?,להשבע לו.
"בראשית כ""ה ל""ד‏",טריוויה רגילות,בתמורה על העברת הבכורה ליעקב נותן יעקב לעשו?,לחם ונזיד עדשים.
"בראשית כ""ו א'‏",טריוויה רגילות,הכתוב הנכון הוא?,הולך לארץ פלישתים.
"בראשית כ""ו ד'‏",טריוויה רגילות,כתוצאה מהרעב שפורץ בימי יצחק?,והרבתי את זרעך ככוכבי השמים.
"בראשית כ""ו ז'‏",טריוויה רגילות,בברכת ה ליצחק נאמר?,"בקש ממנה שתאמר שהיא אשתו היות‏
והוא פחד שיהרגו אותו אם ידעו שזאת‏
אשתו."
"בראשית כ""ו י""א‏",טריוויה רגילות,התנהגותו של יצחק בגרר כלפי אשתו הייתה?,"אמר לעמו: ""הנוגע באיש הזה ובאשתו‏
מות יומת""."
"בראשית כ""ו י""ב‏",טריוויה רגילות,הציווי של אבימלך ביחס ליצחק היה?,מאה שערים.
"בראשית כ""ו ט""ו‏",טריוויה רגילות,שמה של שכונה חרדית בי רושלים קשור להצלחת יצחק בגררמה שם השכונה?,נסתמו בעפר על ידי פלישתים.
"בראשית כ""ו י""ח‏",טריוויה רגילות,הבארות שחפרו עבדי אברהם?,"חפר אותן היות והפלישתים סתמו‏
אותן בעפר."
"בראשית כ""ו כ'‏",טריוויה רגילות,פעולתו של יצחק בקשר לבארות אלו היית  ה?,עשק.
"בראשית כ""ו כ""ב‏",טריוויה רגילות,שמה של הבאר הראשונה שרועי גרר רבו עם רועי יצחק עליה הוא?,רחובות.
"בראשית כ""ו, כ""ד,‏
כ""ה‏",טריוויה רגילות,שם הבאר השנייה שרבו גם עליה הוא?,"נגלה ה' אליו ואחר כך בונה יצחק‏
מזבח."
"בראשית כ""ו כ""ז‏",טריוויה רגילות,שם הבאר השלישית שלא רבו עליה הוא?,מדוע באתם אלי ואתם שנאתם אותי.
"בראשית כ""ו, כ""ח‏",טריוויה רגילות,בשובו של יצחק לבאר שבע?,"באו לחדש את הברית שכרתו עם‏
אברהם אביו."
"בראשית כ""ו, ל'‏",טריוויה רגילות,תגובתו של יצחק על ביקורו המפתיע של אבימלך ופיכול שר צבאו הייתה?,עשה משתה לאבימלך ואנשיו.
"בראשית כ""ו, ל""א‏",טריוויה רגילות,אבימלך ושר צ  באו באו לכרות ברית עם יצחקהסיבה לכך הייתה?,נשבעו איש לאחיו.
"בראשית כ""ו, ל""ג‏",טריוויה רגילות,פעולתו של יצחק בזמן כריתת הברית עם אבימלך הייתה?,על שם הבאר שבעה.
"בראשית כ""ו, ל""ד‏",טריוויה רגילות,לאות כריתת הברית בין אברהם ליצחק?,ארבעים שנה.
"בראשית כ""ו, ל""ד‏",טריוויה רגילות,אברהם קורא למקום באר שבע עש השבועה ב  ינו לבין אבימלך ויצחק קורא אף הוא לעיר?,הן גרמו מורת רוח ליצחק ורבקה.
"בראשית כ""ז א'‏",טריוויה רגילות,עשו נשא אשה בהיותו בן?,עיניו כהו מראות.
"בראשית כ""ז ג'‏",טריוויה רגילות,יחסן של נשי עשו ליצחק ולרבקה   היה?,יצא לדשה לצוד ציד.
"בראשית כ""ז, ג'‏",טריוויה רגילות,אחד מסימני הזקנה של יצחק היה?,תליך וקשתך.
"בראשית כ""ז, ד'‏",טריוויה רגילות,יצחק מבקש מעשו ש?,לברך אותו לפני מותו.
"בראשית כ""ז, ו'‏",טריוויה רגילות,הכלים שיצחק אומר לעשו לקחת אתו הם?,היא שמעה את השיחה בין יצחק לעשו.
"בראשית כ""ז, ט'‏",טריוויה רגילות,השכר שמבטיח יצחק לעשו הוא?,שני גדיי עיזים טובים.
"בראשית כ""ז י""א‏",טריוויה רגילות,כיצד ידעה רבקה על בקשת יצחק מעשו?,הן עשו אחי איש שעיר ואנכי איש חלק.
"בראשית כ""ז, ט""ו-‏
ט""ז‏",טריוויה רגילות,רבקה שלחה את יעקב להביא?,"בגדי עשו החמודות ואת עורות גדיי‏
העיזים."
"בראשית כ""ז, י""ט‏",טריוויה רגילות,הסיבה לחששותיו של יע   קב שמא יגלה אותו אביו הייתה?,"קום נא שבה ואוכלה מצידי בעבור‏
תברכני נפשך."
"בראשית כ""ז, כ""ב‏",טריוויה רגילות,כדי שיצחק לא יכיר יעקב הלבישה אותו אמו את?,ממש את יעקב.
"בראשית כ""ז, כ""ג‏",טריוויה רגילות,יעקב מדבר אל אביו בלשון זו?,כי היו ידיו כידי עשו אחיו שעירות.
"בראשית כ""ז כ""ה‏",טריוויה רגילות,לפני שיצחק או  כל את המטעמים שהביא לו יעקב הוא?,יין.
"בראשית כ""ז, כ""ז‏",טריוויה רגילות,הסיבה שיצחק לא הכיר את יעקב הייתה?,ריח שדה.
"בראשית כ""ז, כ""ח‏",טריוויה רגילות,בנוסף   למטעמים מביא יעקב לאביו?,"מטל השמים ומשמני הארץ ורוב דגן‏
ותירוש."
"בראשית כ""ז, כ""ט‏",טריוויה רגילות,את ריח הבגדים שלבש יעקב מדמה יצחק ל?,"יעבדוך עמים וישתחוו לך לאומים הוה‏
גביר לאחיך וישתחוו לך בני אמך‏
מברכך ברוך ואוררך ארור."
"בראשית כ""ז, ל'‏",טריוויה רגילות,יצחק מברך את יעקב שה יתן לו?,"זמן מועט בלבד לאחר שיצחק סיים‏
לברך את יעקב."
"בראשית כ""ז, ל""ג‏",טריוויה רגילות,הסדר הנכון של הכתוב הבא בברכת יצחק ליעקב הוא?,"חרד חרדה גדולה ושאל מי הוא זה‏
שהביא לו ציד."
"בראשית כ""ז, ל""ד‏",טריוויה רגילות,עשו הביא לאביו את צידו?,צעק צעקה גדולה ומרה עד מאוד.
"בראשית כ""ז, מ'‏",טריוויה רגילות,כשהתברר ליצחק שלא ברך את עשו תגובתו הייתה?,"ועל חרבך תחיה ואת אחיך תעבוד והיה‏
כאשר תריד ופרקת עולו מעל צווארך."
"בראשית כ""ז, מ""ו‏",טריוויה רגילות,תגובתו של עשו כאשר שמע את דברי אביו הייתה?,"היא אינה סובלת את התנהגותן של‏
בנות חת ואינה רוצה שיעקב יקח אחת‏
מהן."
"בראשית כ""ח, א'‏",טריוויה רגילות,הסדר הנכון בברכת יצחק לעשו הוא?,שלא יקח איזה מבנות כנען.
"בראשית כ""ח, ח'‏",טריוויה רגילות,רבקה מ ייעצת ליעקב לברוח לפדן ארם בגלל שעשו מתכנן להרוג אותוליצחק היא אומרת?,הוא ראה שבנות כנען רעות בעיני אביו.
"בראשית כ""ח, י'‏",טריוויה רגילות,יצחק מברך את יעקב שנית לפדן ארם ומצווה אותו?,אבנים מאבני המקום.
"בראשית כ""ח, י""ב-‏
י""ג‏",טריוויה רגילות,עשו נושא לאשה את מחלת בת ישמעאל מפני ש?,"סולם מוצב ארצה וראשו מגיע‏
השמימה ומלאכי אלוקים עולים‏
ויורדים בו וה' ניצב על הסולם.."
"בראשית כ""ח, י""ד‏",טריוויה רגילות,בחלום יעקב הוא רואה?,"והיה זרעך כעפר הארץ ופרצת ימה‏
וקדמה צפונה ונגבה."
"בראשית כ""ח, ט""ו‏",טריוויה רגילות,בהבטחת הארץ אומר ה ליעקב?,"לשמור אותו בכל אשר ילך, להשיבו אל‏
הארץ ולא לעזוב אותו."
"בראשית כ""ח, י""ח‏",טריוויה רגילות,בברכת ה ליעקב נאמר?,"לוקח את האבן ששם מתחת לראשו,‏
שם אותה מצבה ויוצק שמן על ראשה."
"בראשית כ""ח, כ'-‏
כ""ב‏",טריוויה רגילות,ה מבטיח ליעקב את ההבטחות הבאות?,נדר יעקב.
"בראשית כ""ט, א'‏",טריוויה רגילות,כשמתעורר יעקב משנת   ו הוא עושה את הפעולות הבאות?,בני קדם.
"בראשית כ""ט, ב'‏",טריוויה רגילות,"נאמרו בהקשר ל לחם, בגד, אבן, מצבה  הפרטים הרשומים בסוגריים?",פגישת יעקב עם רחל.
"בראשית כ""ט, ד'‏",טריוויה רגילות,השלם את החסר בפסוק הבא וישא יעקב רגליו וילך ארצה?,חרן.
"בראשית כ""ט, י""ז‏",טריוויה רגילות,האנשים שהכירו ליעקב את רחל באו מ?,יפת תואר ויפת מראה.
"בראשית כ""ט, י""ח,‏
ל'‏",טריוויה רגילות,כאשר ראה יעקב את רחל הוא?,שבע שנים.
"בראשית כ""ט, כ'‏",טריוויה רגילות,רחל הייתה?,כימים אחדים.
"בראשית כ""ט, ל""ב-‏
ל""ה, בראשית‏
ל',י""ח- כ'‏",טריוויה רגילות,מספר השנים שיעקב עבד ללבן בשביל רחל ולאה היה?,"ראובן, שמעון, לוי, יהודה, יששכר,‏
וזבולון."
"בראשית ל', כ""ד,‏
בראשית ל""ה, י""ח‏",טריוויה רגילות,הכתוב אומר שהשנים שיעקב עבד את לבן ברחל נחשבו בעיניו כ?,יוסף ובנימין.
"בראשית ל', י""א-י""ג‏",טריוויה רגילות,בני לאה הם?,גד ואשר.
"'בראשית ל', ה'- ח‏",טריוויה רגילות,בני   רחל הם?,דן ונפתלי.
"בראשית ל',‏
בראשית ל""ה, י""ח‏",טריוויה רגילות,בני זלפה הם?,"ראובן, שמעון, לוי, יהודה, דן, נפתלי,‏
גד, אשר,יששכר, זבולון, יוסף בנימין."
"בראשית ל', י""ד‏",טריוויה רגילות,בני בלהה הם?,דודאים.
"בראשית ל', י""ד‏",טריוויה רגילות,הסדר הנכון של בני יעקב לפי לידתם הוא?,ימי קציר חיטים.
"בראשית ל', כ""ה‏",טריוויה רגילות,ראובן מצא בשדה והביא לאמו?,לאחר שילדה רחל את יוסף.
"בראשית ל', ל""ה‏",טריוויה רגילות,ראובן הלך לשדה ב?,"לבן הפריד מבין העדר שהופקד בידי‏
יעקב את כל העקודים נקודים‏
וטלואים והנולדות בצאן עקודים‏
נקודים וטלואים ליעקב."
"בראשית ל', ל""ו‏",טריוויה רגילות,יעקב מודיע ללבן על כוונתו לחזור לארץ?,דרך שלושת ימים.
"בראשית ל', ל""ז‏",טריוויה רגילות,לבן מפציר ביעקב להאריך את שהותו ומגיעים לידי הסכם בדבר שכרו של יעקבההסכם?,מקל לבנה לח לוז וערמון.
"בראשית ל', מ""ג‏",טריוויה רגילות,המרחק ממקום המרעה של בני לבן למקום המרעה של יעקב הוא?,העטופים ללבן והקשורים ליעקב.
"'בראשית ל""א, א‏",טריוויה רגילות,תיאור המקלות שיעקב פצל בהן פצלות לבנות ושם אותם ברהטים בשיקתות המים?,"לקח יעקב את כל אשר לאבינו מאשר‏
לאבינו עשה את כל הכבוד הזה."
"'בראשית ל""א, ד‏",טריוויה רגילות,השלם את החסר בכתוב הבא  והיה הללבן וה ליעקב?,בשדה היכן שיעקב רעה.
"'בראשית ל""א, ז‏",טריוויה רגילות,מה דברו בני לבן על יעקב?,"על עזרת ה' להצלחתו למרות חילופי‏
משכורתו פעמים רבות על ידי אביהן."
"בראשית ל""א, י""ט‏",טריוויה רגילות,השיחה בין יעקב לרחל וללאה על דבר עזיבתו את לבן התקיימה ב?,לבן הלך לגזוז את צאנו.
"בראשית ל""א, כ""ב‏",טריוויה רגילות,יעקב מספר לנשיו על?,לאחר שלושה ימים.
"בראשית ל""א, כ""ג‏",טריוויה רגילות,רחל גנבה את התרפים כאשר?,דרך שבעת ימים.
"בראשית ל""א, כ""ד‏",טריוויה רגילות,המרחק שנוצר בין לבן ליעקב הוא?,בחלום הלילה לפני שנפגש עם יעקב.
"בראשית ל""א, כ""ו‏",טריוויה רגילות,לבן השיג את יעקב ב?,בנותיו.
"בראשית ל""א, כ""ז‏",טריוויה רגילות,ה הזהיר את לבן לבל יגע ביעקב לרעהמתי?,בשמחה ובשירים בתוף ובכינור.
"בראשית ל""א, ל""ד‏",טריוויה רגילות,לבן בוויכוחו עם יעקב מדמה לשבויות חרב את?,תרפים.
"בראשית ל""א, ל""ד‏",טריוויה רגילות,לבן אומר ליעקב שאילו ה   יה מספר לו על כוונתו לעזוב היה נפרד ממנו  ב?,כר הגמל.
"בראשית ל""א, ל""ה‏",טריוויה רגילות,לבן מאשים את יעקב שגנב את אלוהיו הכוונה ל?,דרך נשים לה ואינה יכולה לקום.
"בראשית ל""א, ל""ח,‏
מ""ב‏",טריוויה רגילות,רחל החב   יאה את אלוהי לבן ב?,"נאמנותו ומסירותו של יעקב ללבן‏
בשנות עבודתו."
"בראשית ל""א, מ""ה-‏
מ""ו‏",טריוויה רגילות,כשהתקרב לבן לרחל בחיפושיו התנצלה רחל בפניו שאינה יכולה לקום מפניו בגלל ש?,מקל לבנה.
"בראשית ל""א, מ""ו‏",טריוויה רגילות,"הפר   נאמרורחליך, עזיך, אילי צאנך,טרפה,חרב,קרח,נדודי שינה טים המובאים בסוגריים?",מחניים.
"בראשית ל""א, נ""ב‏",טריוויה רגילות,שנים מהפרטים הבאים קשורים לכריתת הב  רית בין יעקב ללבןהיוצא מהכלל הוא?,"התחייבות שאיש מהם אינו עובר את‏
הגל כדי להרע לחברו."
"בראשית ל""א, נ""ד‏",טריוויה רגילות,שנים מהשמות הבאים קשורים לגל שהקים יעקב היוצא מהכלל הוא?,יעקב זובח זבח בהר.
"בראשית ל""א, נ""ה‏",טריוויה רגילות,מטרת הברית בין יעקב ללבן הייתה?,מנשק לבניו ולבנותיו.
"'בראשית ל""ב, ג‏",טריוויה רגילות,לכבוד המאורע הזה של כריתת הברית?,ארצה שעיר.
"בראשית ל""ב, ד'‏",טריוויה רגילות,לפני שלבן נפרד מ   יעקב הוא?,אדוני.
"בראשית ל מ""ג‏",טריוויה רגילות,שדה אדום  הוא שם נוסף ל?,גמלים מניקות.
בראשית לב ט‏,טריוויה רגילות,יעקב מחלק את אנשיו ורכושו ל?,"במקרה ועשו יכה את המחנה האחד אז‏
המחנה השני ינצל."
בראשית לב יא‏,טריוויה רגילות,הסיבה לחלוקה זו היא?,הצלחתו הגדולה של יעקב בעזרת ה'..
בראשית לב יב‏,טריוויה רגילות,בהקשר למה נאמר הכתוב כי במקלי עברתי את הירדן הזה?,פחד יעקב מעשו.
בראשית לב טו‏,טריוויה רגילות,הכתוב אם על בנים נאמר בהקשר ל?,"סוסים,חמורים ופרדות."
בראשית לב יז‏,טריוויה רגילות,רשימת בעלי החיים הבאה קשורה למנחה שיעקב מביא לעשוהיוצא מהכלל הוא?,רוח.
בראשית לב כ‏,טריוויה רגילות,יעקב מצווה את עבדיו לשים בין עדר ובין עדר?,פקודת יעקב למלאכים ששלח עשו.
בראשית לב כג‏,טריוויה רגילות,הכתוב גם את השני גם את השלישי גם את כל ההולכיםנאמר בהקשר ל  א פקודת?,יבוק.
בראשית לב כה‏,טריוויה רגילות,יעקב העביר את נשיו ואת ילדיו את מעבר?,עלות השחר.
בראשית לב לג‏,טריוויה רגילות,יעקב נאבק עם האיש עד?,אבקו של יעקב עם האיש.
בראשית לב לג‏,טריוויה רגילות,הסיבה לצליעת יעקב על ירכו היא?,מאבק יעקב עם האיש.
בראשית לג כ‏,טריוויה רגילות,איסור אכילת גיד הנשה בבהמות קשור ל?,"השפחות וילדיהן ראשונה,לאה‏
וילדיה,רחל ויוסף אחרונים."
בראשית לד ז‏,טריוויה רגילות,הילדים רכים והצאן והבקר עלות עליאמר יעקב לעשו בהקשר ל?,"עינוי דינה אחותם על ידי שכם בן‏
חמור.."
בראשית לד יב‏,טריוויה רגילות,הכתוב מספר שבני יעקב התעצבו אל לבםהסיבה לכך הייתה?,מוהר ומתן.
בראשית לד כב‏,טריוויה רגילות,כדי לשאת את דינה מוכן שכם לתת הרבה?,כל יושבי שכם ימולו את ערלתם.
בראשית לד כה‏,טריוויה רגילות,בני יעקב מסכימים לתת את דינה לשכם בתנאי?,שמעון ולוי.
בראשית לד כה‏,טריוויה רגילות,לאילו מבני יעקב מתכוון הכתוב באמרו אחי דינה?,ביום השלישי למילתם.
בראשית לד כח‏,טריוויה רגילות,שנים אחים אלו מכים את כל הזכרים יושבי שכם?,"כספם ,זהבם ושמלותיהם."
בראשית לה א‏,טריוויה רגילות,הפרטים הבאים נלקחו עי בני יעקב משלל העיר שכםהיוצאים מהכלל הם  א כספם?,בית אל.
בראשית לה ה‏,טריוויה רגילות,לאחר הנקמה ביושבי שכם עובר יעקב לגור ב?,היה עליהם חתת אלקים.
בראשית לה יט‏,טריוויה רגילות,יושבי ערי כנען לא רדפו אחרי בני ישראל כיון ש?,בית לחם..
בראשית לה כח‏,טריוויה רגילות,רחל נקברה בדרך אפרתה  היא?,שנים 180.
בראשית לה כט‏,טריוויה רגילות,מספר שנות חיי יצחק?,"ויגוע ...וימת ויאסף אל עמיו זקן ושבע‏
ימים."
בראשית לו יב‏,טריוויה רגילות,על יצחק נאמר?,אחד מבני עשו.
בראשית לז ב‏,טריוויה רגילות,עמלק הוא שמו של?,שבע עשרה שנה.
בראשית לז ג‏,טריוויה רגילות,יוסף היה רועה את אחיו בצאן בהיותו בן?,בן זקונים הוא.
בראשית לז ג‏,טריוויה רגילות,ישראל אהב את יוסף מכל בניו כי?,כתונת פסים.
בראשית לז ז‏,טריוויה רגילות,ישראל עשה ליוסף?,שבע שבלים טובות וגפן פורחת.
בראשית לז י‏,טריוויה רגילות,הפרטים הבאים קשורים לחלומות יוסף היוצא מהכלל הוא?,גער בו על כך.
בראשית לז ט‏,טריוויה רגילות,כששמע יעקב את חלומות יוסף?,הוסיפו עוד שנוא אותו.
בראשית לז יד‏,טריוויה רגילות,תגובת אחיו כששמעו את חלומותיו הייתה?,עמק חברון.
בראשית לז יג‏,טריוויה רגילות,יעקב שלח את יוסף לראות את שלום אחיו מ?,שכם.
בראשית לז יז‏,טריוויה רגילות,האיש מצא את יוסף כשהוא תועה ב?,דותן.
בראשית לז יט‏,טריוויה רגילות,האיש אמר ליוסף שאחיו נמצאים ב?,בעל החלומות.
בראשית לז כ‏,טריוויה רגילות,כאשר האחים ראו את יוסף מרחוק הם כנו אותו?,אחד הבורות.
בראשית לז כ‏,טריוויה רגילות,אחיו תכננו תחלה להרוג אותו ולהשליך אותו ב?,חיה רעה אכלתהו.
בראשית לז כב‏,טריוויה רגילות,לאב החליטו לספר כי?,ראובן.
בראשית לז כג‏,טריוויה רגילות,האח שהציל את יוסף ממות והציע להשליך אותו חי אל הבור היה?,כתונת הפסים.
בראשית לז כד‏,טריוויה רגילות,לפני שהשליכו האחים את יוסף אל הבור הם הפשיטו אותו את?,"רק,אין בו מים.."
בראשית לז כח‏,טריוויה רגילות,הכתוב מתאר את הבור שיוסף הושלך לתוכו שהיה?,ישמעאלים.
בראשית לז כז‏,טריוויה רגילות,האחים העלו את יוסף מהבור ומכרו אותו ל?,יהודה.
בראשית לז כח‏,טריוויה רגילות,האח שהציע למכור את יוסף היה?,עשרים כסף.
בראשית לז כט‏,טריוויה רגילות,הסכום הכספי שהאחים קבלו עבור מכירת יוסף היה?,ראובן.
בראשית לז כט‏,טריוויה רגילות,האח שלא היה נמצא במקום כאשר מכרו את יוסף היה?,קרע את בגדיו.
בראשית לז לא‏,טריוויה רגילות,תגובתו של האח הנל כאשר ראה שיוסף איננו בבור הייתה?,שעיר עזים.
בראשית לז לד‏,טריוויה רגילות,את הכתונת שהאחים הביאו אל אביהם טבלו בדם של?,גלח שערותיו..
בראשית לז לה‏,טריוויה רגילות,הפרטים הבאים קשורים לאבלו של יעקב במשך ימים רבים על יוסףהיוצא מהכלל הוא?,מאן להתנחם..
בראשית לח א‏,טריוויה רגילות,כאשר כל בניו וכל בנותיו קמו לנחמו תגובתו הייתה?,יש עדולמי ושמו חירה.
בראשית לח ב‏,טריוויה רגילות,לאחר מכירת יוסף עזב יהודה את אחיו והלך ל?,בת איש כנעני.
בראשית לח ה‏,טריוויה רגילות,יהודה נשא לאשה את?,כזיב.
בראשית לח ז‏,טריוויה רגילות,כאשר אשת יהודה ילדה את הבן השלישי הוא היה ב?,שלה.
בראשית לח י‏,טריוויה רגילות,שמות בניו של יהודה מובאים להלןהאחד שלא עשה הרע בעיני ה היה?,תמנתה.
בראשית לח יד‏,טריוויה רגילות,שם המקום שיהודה הלך לגזוז את צאנו היה?,לבשה בגדים יפים.
בראשית לח יד‏,טריוויה רגילות,הפרטים הבאים קשורים למעשה תמר ויהודההיוצא מהכלל  הוא?,בפתח עינים.
בראשית לח יז‏,טריוויה רגילות,תמר ישבה על דרך תמנתה ב?,גדי עזים.
בראשית לח כא‏,טריוויה רגילות,הפרטים הבאים קשורים לערבון שנתן יהודה לתמר  היוצא מהכלל הוא?,הקדשה.
בראשית לח כד‏,טריוויה רגילות,המלה החסרה בכתוב איה ה---------- היא בעיניים על הדרך היא?,כמשלש חודשים.
בראשית לח כד‏,טריוויה רגילות,ליהודה נודע שתמר הרה לאחר?,שריפה.
בראשית לח כו‏,טריוויה רגילות,העונש שהחליט יהודה להעניש את תמר הוא?,צדקה ממני.
בראשית לח כז‏,טריוויה רגילות,תגובת יהודה לאחר שתמר שלחה לו את הערבון הייתה?,תאומים.
בראשית לח כח‏,טריוויה רגילות,תמר ילדה?,שני.
בראשית לט א‏,טריוויה רגילות,המילדת קשרה על ידו של הבן שנולד ראשון?,פוטיפר שר הטבחים.
בראשית לט ב‏,טריוויה רגילות,שם האיש שקנה את יוסף מידי הישמעאלים היה?,איש מצליח.
בראשית לט ד‏,טריוויה רגילות,הכתוב מספר על יוסף שהיה?,הפקיד אותו על ביתו ועל כל אשר לו.
בראשית לט ו‏,טריוויה רגילות,יוסף מצא חן בעיני אדוניו ולכן הוא?,יפה תואר ויפה מראה.
בראשית לט ז‏,טריוויה רגילות,הכתוב מתאר את יוסף שהיה?,לשכב אתה.
בראשית לט ט‏,טריוויה רגילות,אשת פוטיפר בקשה מיוסף ל?,איננו רוצה לבגוד באדונו ולחטוא לה'.
בראשית לט יא‏,טריוויה רגילות,שובתו של יוסף לאשת פוטיפר  הייתה?,לא היה איש מאנשי הבית.
בראשית לט יב‏,טריוויה רגילות,אשת פוטיפר תפסה את יוסף בבגדו כאשר?,עזב את בגדו בידה ונס החוצה.
בראשית לט יד‏,טריוויה רגילות,תגובת יוסף הייתה?,ראו הביא לנו איש עברי לצחק בנו.
בראשית לט כ‏,טריוויה רגילות,אשת פוטיפר קראה לאנשי ביתה ואמרה להם?,"בבית הסוהר אשר אסירי המלך‏
אסורים שם.."
בראשית לט כב‏,טריוויה רגילות,אדוני יוסף האמין לדברי אשתו ושם את יוסף ב?,"שר בית הסוהר נתן את כל האסירים‏
בבית הסוהר בידי יוסף."
בראשית מ ז‏,טריוויה רגילות,השרים הרשומים להלן הם שרי פרעהשנים מהם חטאו לפרעההיוצא מהכלל הוא?,מדוע פניכם רעים היום.
בראשית מ יב‏,טריוויה רגילות,יוסף שאל את שרי פרעה?,שר המשקים.
בראשית מ טז‏,טריוויה רגילות,"הפרטים הרשומים בסוגרים  ,גפן שלשה שריגים, נצה,אשכולותענבים,כוס קשורים?",שר האופים.
בראשית מ ט‏,טריוויה רגילות,"הפרטים הרשומים בסוגריים שלשה סלי חורי,סל העליון,מאכל,עוף קשורים לחלומו של?",שר המשקים.
בראשית מ טו‏,טריוויה רגילות,הראשון שספר ליוסף את חלומו היה?,נגנב מארץ העברים.
בראשית מ כ‏,טריוויה רגילות,יוסף מבקש מהשר שפתר לו את חלומו לטובה שיזכור אותו וינסה להוציאו מבית?,"יום השלישי ,יום הולדת את פרעה.."
בראשית מא א‏,טריוויה רגילות,פרעה נשא את ראש עבדיו  ב?,מקץ שנתיים ימים.
בראשית מא א‏,טריוויה רגילות,פרעה חלם את חלומו?,עומד על היאור..
"בראשית מא ב,ו‏",טריוויה רגילות,בחלומו ראה פרעה שהוא?,יפות תואר ובריאות בשר.
בראשית מא ה‏,טריוויה רגילות,התיאורים הבאים קשורים לחלום פרעההיוצא מהכלל הוא?,בריאות ויפות.
בראשית מא כד‏,טריוויה רגילות,התיאורים הבאים קשורים לחלום פרעההיוצא מהכלל הוא?,חרטומים.
בראשית מא ט‏,טריוויה רגילות,"האנשים הבאים ניסו לפתור את חלום פרעה, אך ללא הצלחההיוצאים מהכלל הם?",שר המשקים.
בראשית מא טז‏,טריוויה רגילות,על יכלתו של יוסף לפתור חלומות מספר לפרעה?,אלקים יענה את שלום פרעה.
"בראשית מא לה,לו‏",טריוויה רגילות,"לדברי פרעה ליוסף שמעתי עליך לאמור ,תשמע חלום לפתור אותועונה יוסף את הדברים?","מנות איש נבון וחכם על מצרים‏
ולהפקיד פקידים על הארץ.."
"בראשית מא לט,‏",טריוויה רגילות,העניינים הבאים קשורים להצעות יוסף לפרעההיוצאים מהכלל הם?,משנה למלך.
"בראשית מא מב, מג‏",טריוויה רגילות,התארים הבאים קשורים לעלייתו של יוסף לגדולההיוצא מהכלל הוא?,"כתר המלך,שרביט המלכות."
בראשית מא מה‏,טריוויה רגילות,הפרטים הבאים נעשו ליוסף ביום עלייתו לגדולההיוצאים מהכלל הם?,צפנת פענח..
בראשית מא מה‏,טריוויה רגילות,פרעה קורא את שם יוסף?,פוטיפרע כהן און.
בראשית מא מו‏,טריוויה רגילות,אסנת אשתו של יוסף הייתה הבת של?,שלשים שנה.
בראשית מא מט‏,טריוויה רגילות,יוסף עמד לפני פרעה בהיותו בן?,כחול הים הרבה מאד..
בראשית מב ג‏,טריוויה רגילות,תיאור כמות מזוןהבר שיוסף אסף הוא?,עשרה.
בראשית מב ו‏,טריוויה רגילות,מספר אחי יוסף שירדו לשבור בר ממצרים היה?,המוכר בכל ארץ מצרים.
בראשית מב ו‏,טריוויה רגילות,התארים הבאים הם תארי יוסף בשנות הרעבהיוצא מהכלל הוא?,השתחוו לו אפים ארצה..
"(בראשית מ""ב, כ""ד)‏",טריוויה רגילות,לכמה ימים הושיב יוסף את אחיו במשמר?,"שחרר את כל האחים חוץ משמעון‏
שאותו אסר עד לבואו של בנימין.."
"(בראשית מ""ב, כ""א)‏",טריוויה רגילות,באיזה אופן יוסף וידא שבנימין אכן יגיע אליו למצרים?,"חרטתם של אחי יוסף על שהרעו לו‏
ומכרו אותו לעבד.."
"(בראשית מ""ב, כ""ג)‏",טריוויה רגילות,חרטתם שלא  הכתוב אשר ראינו צרת נפשו בהתחננו אלינו ולא שמענו נאמר בהקשר ל?,כי המליץ בינותם..
"(בראשית מ""ב, כ""ה)‏",טריוויה רגילות,המשכו הנכון של הכתוב: והם לא ידעו כי שומע יוסף הוא?,לתת מספוא לחמוריהם..
"(בראשית מ""ב, כ""ז)‏",טריוויה רגילות,איזה מ  הציווים הבאים לא אמר יוסף ביחס לאחיו?,במלון..
"(בראשית מ""ב, כ""ח)‏",טריוויה רגילות,היכן גילה אחד מהאחים שכספו הושב לשקו?,פחדו..
"(בראשית מ""ג, י""א)‏",טריוויה רגילות,איך הגיבו האחים כשגילו שכספם ה   ושב להם?,אגוזים ותמרים..
"(בראשית מ""ג, י""ב)‏",טריוויה רגילות,אלו מהמתנות הבאות לא אמר יעקב לבניו להביא ליוסף?,כסף משנה..
"(בראשית מ""ג, ט""ז)‏",טריוויה רגילות,"כסף נוא  בנוסף למנחה הכוללת מאכלים, מה מצווה יעקב את בניו עוד להביא ליוסףסף?",צהרים..
"(בראשית מ""ג, י""ח)‏",טריוויה רגילות,יוסף הזמין את אחיו לביתו לארוחת?,"הביא אותנו כדי להכניסנו למשמר‏
ולהתעלל בנו.."
"(בראשית מ""ג, ל""ב)‏",טריוויה רגילות,איזה מהמשפטים הבאים לא חלף במוחם של האחים כשהובאו לבית יוסף?,כי תועבה היא למצרים..
"(בראשית מ""ג, ל""ד)‏",טריוויה רגילות,ההמשך הנכון של הכתוב כי לא יוכלון המצרים לאכול את העברים לחם הוא?,חמש ידות..
"(בראשית מ""ג, ל""ד)‏",טריוויה רגילות,בכמה הייתה משאת בנימין יותר ממשאת כולם?,שתו והשתכרו איתו.
"(בראשית מ""ד, ב')‏",טריוויה רגילות,בסעודה שערך יוסף לכבוד אחיו הם?,אמתחת הקטן..
"(בראשית מ""ד, ג')‏",טריוויה רגילות,יוסף ציווה את האיש אשר על ביתו לשים את גביע הכסף שלו ב?,הבוקר אור..
"(בראשית מ""ד, ד')‏",טריוויה רגילות,ה   זמן בו שולחו אחי יוסף היה?,הם יצאו את העיר ולא הרחיקו..
"(בראשית מ""ד, י')‏",טריוויה רגילות,יוסף ציוה את האיש אשר על ביתו לרדוף אחרי האנשים לאחר ש?,יהיה לו לעבד והם יהיו נקיים..
"(בראשית מ""ד, ה')‏",טריוויה רגילות,"לדבריו של הממונה על בית יוסף, מה יקרה למי שהגביע ימצא אצלו?",שותה בו ומנחש בו..
"(בראשית מ""ד, י""ב)‏",טריוויה רגילות,הגביע חשוב ליוסף כיון שהוא?,בגדול החל ובקטון כלה..
"(בראשית מ""ה, ג')‏",טריוויה רגילות,סדר החיפוש של הממונה על בית יוסף אצל הא   חים היה?,כי נבהלו מפניו..
"(בראשית מ""ה, ז'-‏
ח')‏",טריוויה רגילות,"הכתוב אומר כי כאשר התוודע יוסף לאחיו לא יכלו אחיו לענות אותו, מה הייתה הסיבה?",ליועץ של ארץ מצרים.
"(בראשית מ""ה, ט'-‏
י')‏",טריוויה רגילות,איזה מבין  המשפטים הבאים לא סיפר יוסף לאחיו בהתוודעו אליהם אודות התפקידים?,ארץ גושן..
"(בראשית מ""ה, י""ט)‏",טריוויה רגילות,יוסף מזמין את אביו לשבת ב?,עגלות..
"(בראשית מ""ה, כ""ב-‏
כ""ג)‏",טריוויה רגילות,"כדי לשאת את טפם ונשיהם, מה נותן יוסף לאחיו על פי פרעה?",עשרה גמלים טעונים כל טוב..
"(בראשית מ""ה, כ""ד)‏",טריוויה רגילות,איזו מהמתנות הבאה לא נתנה עי יוסף לאביו ואחיו?,אל תרגזו בדרך..
"(בראשית מ""ו, א')‏",טריוויה רגילות,מה אומר יוסף לאחיו כאשר הוא נפרד מהם?,באר שבע..
"(בראשית מ""ו, ב')‏",טריוויה רגילות,היכן זובח יעקב זבח לה בדרכו למצרים?,מראות הלילה..
"(בראשית מ""ו, כ""ז)‏",טריוויה רגילות,איך נראה אלוקים ליעקב אחרי שזבח זבח   ים בדרכו למצרים?,שבעים נפש..
"(בראשית מ""ו, כ""ח)‏",טריוויה רגילות,מהו מספרם של כל יוצאי ירך יעקב היורדים מצרימה?,יהודה..
"(בראשית מ""ו, כ""ח)‏",טריוויה רגילות,מי היה הראשון שהתקדם להודיע ליוסף על בוא אביו?,גושן..
"(בראשית מ""ו, ל""ג-‏
ל""ד)‏",טריוויה רגילות,היכ   ן נערכה הפגישה המחודשת בין יוסף לאביו?,אנשי מקנה.
"(בראשית מ""ז, ב')‏",טריוויה רגילות,"אנשיא  כאשר ישאל פרעה את אחי יוסף מה מעשיהם,  בקש מהם יוסף לומר שהם?",חמישה אנשים..
"(בראשית מ""ז, ו')‏",טריוויה רגילות,כמה אחים לקח יוסף בכדי להציג לפני פרעה?,שרי מקנה על אשר לו..
"(בראשית מ""ז, ט')‏",טריוויה רגילות,שרי צבא עלא    פרעה מבקש מיוסף שאם הוא יודע שיש בין אחיו אנשי חיל שישים אותם?,מאה ושלושים שנה..
"(בראשית מ""ז, י""א)‏",טריוויה רגילות,בן כמה היה יעקב בעומדו לפני פרעה?,ארץ רעמסס..
"(בראשית מ""ז, ט""ז-‏
כ')‏",טריוויה רגילות,מהו שמה הנרדף של ארץ גושן?,גמלים..
"(בראשית מ""ז, כ""א)‏",טריוויה רגילות,"סוסים,מקנהא   מה מהדברים הבאים לא הביאו המצרים ליוסף תמורת לחם?",העברת העם לערים..
"(בראשית מ""ז, כ""ב)‏",טריוויה רגילות,הכתוב מקצה גבול מצר   ים ועד קצהו נאמר בהקשר ל?,אדמת הכהנים..
"(בראשית מ""ז, כ""ד)‏",טריוויה רגילות,איזו אדמה היא היחידה שלא נמכרה לפרעה עבור לחם?,לתת לפרעה חמישית מהתבואה..
"(בראשית מ""ז, כ""ח)‏",טריוויה רגילות,"לפי החוק ששם יוסף על מצרים, כמהצריך להפריש מתוצ   ר האדמות?",שבע עשרה שנה..
"(בראשית מ""ז, כ""ח)‏",טריוויה רגילות,כמה שנים חי יעקב במצרים?,מאה ארבעים ושבע שנים..
"(בראשית מ""ח, א')‏",טריוויה רגילות,כמה היו מספר שנות חיי יעקב?,יעקב חולה..
"(בראשית מ""ח, י""ג)‏",טריוויה רגילות,"יוסף לוקח אתו את שני בניו לבקר את אביו, מאיזו סיבה?","את אפרים בימינו משמאל ישראל ואת‏
מנשה בשמאלו מימין ישראל.."
"(בראשית מ""ח, י""ד)‏",טריוויה רגילות,ההמשך הנכון של הכתוב ויקח  יוסף את שניהם  הוא?,"ישראל שם את יד ימינו על ראש אפרים‏
ואת שמאלו על ראש מנשה.."
"(בראשית מ""ט, א')‏",טריוויה רגילות,משמעותו של הכתוב שכל את ידיו היא?,באחרית הימים..
"(בראשית מ""ט, ג')‏",טריוויה רגילות,באחריתא   ההמשך הנכון של הכתוב האספו ואגידה לכם את אשר יקרא אתכם הוא?,אש..
"(בראשית מ""ט, ה'-‏
ז')‏",טריוויה רגילות,מה מהדברים המוזכרים להלן לא נאמר בברכת יעקב לראובן?,זאב.
"(בראשית מ""ט, ח'-‏
י""ב)‏",טריוויה רגילות,הפרטים הבאים לקוחים מברכת יעקב לשמעון ולויהיוצא מהכלל הוא?,יהודה.
"(בראשית מ""ט, יג')‏",טריוויה רגילות,"לביא, גפן,שורקה,י  הפרטים המובאים בסוגריים    לקוחים מברכת יעקב לין,ענבים,חלב?",שפע ימים יינקו.
"(בראשית מ""ט, י""ד-‏
ט""ו)‏",טריוויה רגילות,הפרטים הבאים להלן מובאים בברכת יעקב לזבולוןהיוצא מהכלל הוא?,שפוני טמוני חול.
"(בראשית מ""ט, ט""ז-‏
י""ז)‏",טריוויה רגילות,הפרטים המובאים להלן לקוחים מברכת יעקב ליששכר היוצא מהכלל הוא?,גור אריה.
"(בראשית מ""ט, י""ט)‏",טריוויה רגילות,הפרטים הבאים נאמרו בברכת יעקב לדןהיוצא מהכלל הוא?,גד.
"(בראשית מ""ט,כ')‏",טריוויה רגילות,המלה עקב נאמרה בברכת יעקב ל?,אשר.
"(בראשית מ""ט,כ""א)‏",טריוויה רגילות,מעדני מלך  נאמרו בברכת יעקב ל?,נפתלי.
"(בראשית מ""ט, כ""ב-‏
כ""ו)‏",טריוויה רגילות,אמרי שפר   נאמרו בברכת יעקב ל?,ממגד תבואות שמש.
"(בראשית מ""ט, כ""ז)‏",טריוויה רגילות,הפרטים המובאים להלן נ אמרו בברכת יעקב ליוסףהיוצא מהכלל הוא?,בנימין.
"(בראשית מ""ט, ל""א)‏",טריוויה רגילות,הכתוב בבקר יאכל עד ולערב יחלק שלל נאמר בברכת יעקב ל?,"אברהם ושרה, יצחק ורבקה, יעקב‏
ולאה."
"(בראשית מ""ט, ל""ג)‏",טריוויה רגילות,במערת המכפלה קבורים?,"ויאסוף רגליו אל המיטה ויגוע ויאסף‏
אל עמיו."
"(בראשית נ', ב')‏",טריוויה רגילות,על יעקב נאמר?,לחנוט את אביו.
"(בראשית נ', ג')‏",טריוויה רגילות,יוסף ציווה את עבדיו הרופאים?,ארבעים יום.
"(בראשית נ', ג')‏",טריוויה רגילות,ימי החנוטים נמשכים?,שבעים יום.
"(בראשית נ',ה')‏",טריוויה רגילות,המצרים בכו על יעקב?,השביע אותו לקברו בארץ כנען.
"(בראשית נ', ז'-ט')‏",טריוויה רגילות,יוסף מספר לבית פרעה שאביו?,"כל בית יוסף ואחיו ובית אביו וטפם‏
וצאנם ובקרם."
"(בראשית נ', י'-י""א)‏",טריוויה רגילות,הפרטים המובאים להלן קשורים ל  הלויה של יעקב ממצרים לארץ כנען היוצא מהכלל הוא?,גורן האטד.
"(בראשית נ', ט""ו')‏",טריוויה רגילות,המקום בו עשו ליעקב מספד גדול ואבל שבעת ימים נקרא על שם האבל אבל  מצריםשמו?,"יעניש אותם יוסף על כל הרעה אשר‏
עשו לו.."
"(בראשית נ', כ""ד')‏",טריוויה רגילות,לאחר מות יעקב חששו אחי יוסף שמא?,"פקוד יפקוד אלקים אתכם והעליתם‏
את עצמותי מזה.."
"(בראשית נ', כ""ו)‏",טריוויה רגילות,שבועת יוסף לאחיו לפנ  י מותו הייתה?,מאה ועשר שנים.
"(בראשית כ""ט, ל""ב)‏",התאם את הפסוק לאיש,הפעם י                                            זבלני אישי?,ראובן.
"(בראשית ל',כ')‏",התאם את הפסוק לאיש,לפניך ר  שימת פסוקים הקשורים לאישים שונים בספר בראשיתרשום ליד כל פסוק את?,זבולון.
"(בראשית ה', כ""ט)‏",התאם את הפסוק לאיש,הפעם י                                            זבלני אישי?,נח.
"(בראשית מ""א,נ""ב)‏",התאם את הפסוק לאיש,זה ינחמנו ממעשנו ומעצבון ידנו?,אפרים.
"(בראשית כ""ה,כ""ו)‏",התאם את הפסוק לאיש,כי הפרני אלקים בארץ עניי?,יעקב.
"(בראשית כ""ט, ל""ג)‏",התאם את הפסוק לאיש,וידו אוחזת בעקב עשו?,שמעון.
"(בראשית ל',י""ב)‏",התאם את הפסוק לאיש,שמע ה כי שנואה אנכי?,אשר.
"(בראשית ד' כ""ה)‏",התאם את הפסוק לאיש,באשרי כי אשרוני בנות?,שת.
"(בראשית כ""ט, ל""ד)‏",התאם את הפסוק לאיש,כי שת לי אלקים זרע אחר?,לוי.
"(בראשית ל', כ""ד)‏",התאם את הפסוק לאיש,הפעם ילוה אל                                                  י אישי?,יוסף.
"(בראשית ל""ב, כ""ח)‏",התאם את הפסוק לאיש,יוסף ה לי בן אחר?,ישראל.
"(בראשית כ""ט, ל""ה)‏",התאם את הפסוק לאיש,כי שרית עם אלקים ועם אנשים ותוכל?,יהודה.
"(בראשית ל""ח, כ""ט)‏",התאם את הפסוק לאיש,הפעם אודה את ה?,פרץ.
"(בראשית ל', י""א)‏",התאם את הפסוק לאיש,מה פרצת עליך פרץ?,גד.
"(בראשית ד', א')‏",התאם את הפסוק לאיש,בגד?,קין.
"(בראשית מ""א,נ""א)‏",התאם את הפסוק לאיש,קניתי איש את ה?,מנשה.
"(בראשית מ""ט, י""ט)‏",התאם את הפסוק לאיש,כי נשני  אלקים את כל עמלי?,גד.
"(בראשית ל""ה, י""ח)‏",התאם את הפסוק לאיש,גדוד יגודנו?,בנימין.
"(בראשית מ""ט, י""ד)‏",התאם את הפסוק לאיש,בן אוני?,יששכר.
"(בראשית ל', ו')‏",התאם את הפסוק לאיש,חמור גרם?,דן.
"(בראשית מ""ט, כ""ז)‏",התאם את הפסוק לאיש,דנני אלקים וגם שמע בקולי?,בנימין.
"(בראשית ל', ט""ז)‏",התאם את הפסוק לאיש,זאב יטרף?,ראובן.
"(בראשית מ""ט, כ""א)‏",התאם את הפסוק לאיש,שכור שכרתיך בדודאי בני?,נפתלי.
"(בראשית ל', ח')‏",התאם את הפסוק לאיש,איילה שלוחה?,נפתלי.
"(בראשית מ""ט, כ')‏",התאם את הפסוק לאיש,נפתולי אלקים נפתלתי?,אשר.
"(בראשית מ""ט, ה')‏",התאם את הפסוק לאיש,שמנה לחמו?,שמעון ולוי.
"(בראשית מ""ט, ט')‏",התאם את הפסוק לאיש,כלי חמס מכרותיהם?,יהודה.
"(בראשית מ""ט, י""ז)‏",התאם את הפסוק לאיש,גור אריה?,דן.
"(בראשית מ""ט, ד')‏",התאם את הפסוק לאיש,נחש עלי דרך?,ראובן.
"(בראשית מ""ט, כ""ב)‏",התאם את הפסוק לאיש,פחז כמים?,יוסף.
"בראשית ו',ד'.‏",זהה את האישים,מצא חן בעיני ה?,הנפלים.
"בראשית ד', כב'.‏",זהה את האישים,המה הגבורים אשר                                           מעולם אנשי השם?,קין.
"בראשית ד',כ'.‏",זהה את האישים,לוטש כל חורש נחושת וברזל?,יבל.
"בראשית ד',יד'.‏",זהה את האישים,יושב אוהל ומקנה?,קין.
"בראשית ד',כא'.‏",זהה את האישים,נע ונ                                                                        ד בארץ?,יובל.
"בראשית ו',ט'.‏",זהה את האישים,תופש כל כנור ועוגב?,נח.
"בראשית י""ד',י""ח.‏",זהה את האישים,תמים היה בדורותיו?,מלכי צדק מלך שלם.
"בראשית ט""ז',י""ב'.‏",זהה את האישים,הוציא לחם  ויין?,ישמעאל.
"בראשית י""ח',ח'.‏",זהה את האישים,ידו בכל ויד כל בו?,אברהם.
"בראשית כ""א',י""ט'‏",זהה את האישים,עומד עליהם תחת העץ?,הגר.
"בראשית כ""ד',ט""ו'‏
בראשית כ""ד',מ""ה'.‏",זהה את האישים,פקח אלקים את עיניה?,רבקה.
"בראשית כ""ד',ל""א'‏",זהה את האישים,כדה על שכמה?,לבן.
"בראשית כ""ה',כ""ה'.‏",זהה את האישים,בא ברוך ה?,עשו.
"בראשית ל""ד',י""ט'‏",זהה את האישים,כלו כאדרת שער?,שכם בן חמור.
"בראשית ל""ז',י""ט'.‏",זהה את האישים,נכבד מכל בית אביו?,יוסף.
"בראשית ל""ט',י""ב'‏",זהה את האישים,בעל החלומות?,אשת פוטיפר.
"בראשית מ""א',ח'.‏",זהה את האישים,תפשה אותו בבגדו?,פרעה.
"בראשית ל""ה',ח'.‏",זהה את האישים,ותפעם רוחו?,דבורה.
"בראשית כ""ט',כ""ב'‏",זהה את האישים,מניקת רבקה?,לבן.
"בראשית ל""ו',י""ב'.‏",זהה את האישים,אסף את כל אנשי מקומו ועשה משתה?,תמנע.
"בראשית מ""א',ט'.‏",זהה את האישים,הייתה פילגש לאליפז בן עשו?,שר המשקים.
"בראשית כ""א',ל""ב'‏",זהה את האישים,הזכיר את חטאיו?,אבימלך.
"בראשית י""ח',י""ב'.‏",זהה את האישים,כרת ברית עם יצחק?,שרה.
"בראשית כ""ט',ט'.‏",זהה את האישים,צחקה בקרבה?,רחל.
"בראשית י""ג',י""ב-‏
י""ג'.‏",זהה את האישים,רעתה את                                                                        צאן אביה?,לוט.
"בראשית י""ד',י""ג'.‏",זהה את האישים,ישב בין אנשים רעים וחטאים?,הפליט.
"בראשית כ""ו',י""ט'.‏",זהה את האישים,ספר לאברהם שלוט בן אחיו נלקח בשבי?,עבדי יצחק.
"בראשית כ""ח',כ'.‏",זהה את האישים,מצאו באר מים חיים?,יעקב.
"בראשית ל',ז'.‏",זהה את האישים,נדר נדר?,בלהה.
"בראשית ל',י'.‏",זהה את האישים,שפחת רחל?,זלפה.
"בראשית מ""א',נ'.‏",זהה את האישים,יצאה לראות בבנות הארץ?,אסנת.
"בראשית ל""ז',כ""א'‏",זהה את האישים,בתו של כהן און?,ראובן.
"בראשית מ',כ""ב'.‏",זהה את האישים,רצה להציל את אחיו?,שר המשקים.
"בראשית כ',ט'.‏",מי אמר למי,אשה יפת מראה את?,אבימלך לאברהם.
"בראשית כ',י""ב'.‏",מי אמר למי,אם מחוט ועד שרוך נעל?,אברהם לאבימלך.
"בראשית ט""ו',ב'.‏",מי אמר למי,קומו צאו מן המקום הזה?,אברהם לה'.
"בראשית י""ג',ח'.‏",מי אמר למי,למה לא הגדת לי כי אשתך היא?,אברהם ללוט.
"בראשית י""ד',כ""ג'.‏",מי אמר למי,תן לי הנפש והרכוש קח לך?,אברהם למלך סדום.
"בראשית כ""ב',ה'.‏",מי אמר למי,אי מזה באת ואנה תלכי?,אברהם לנעריו.
"בראשית י""ב',י""א'.‏",מי אמר למי,לך לך מארצך וממולדתך ומבית אביך?,אברהם לשרה.
"בראשית י""ב',א'.‏",מי אמר למי,שמען קולי האזנה אמרתי?,ה' לאברהם.
"בראשית כ""ח',ט""ו'‏",מי אמר למי,הל                                                                 א אצלת לי ברכה?,ה' ליעקב.
"בראשית ד',ו'.‏",מי אמר למי,פרעה שאל את יעקב כמה ימי שני חייך?,ה' לקין.
"בראשית מ""ז',ט""ו'‏",מי אמר למי,אלקים יחנך בני?,המצרים ליוסף.
"בראשית ל""ד',כ""א'.‏",מי אמר למי,הבה לי בנים?,חמור ושכם בנו לבני עירם.
"בראשית מ""ב',ט""ו'‏",מי אמר למי,אין נבון וחכם כמוך?,יוסף לאחיו.
"בראשית מ""ג',ט""ז'.‏",מי אמר למי,למה הרעותם לי?,יוסף לאשר על ביתו.
"בראשית מ""ג',כ""ט'‏",מי אמר למי,וטבח טבח והכן?,יוסף לבנימין.
"בראשית מ""ג',ו'.‏",מי אמר למי,בזאת תבחנו?,יעקב לבניו.
"בראשית מ""ח',י""ט'‏",מי אמר למי,למה נמות נגדך?,יעקב ליוסף.
"בראשית מ""ז',ט'.‏",מי אמר למי,ידעתי בני ידעתי?,יעקב לפרעה.
"בראשית כ""ז',ב'.‏",מי אמר למי,למה תעמוד בחוץ?,יצחק לעשיו.
"בראשית כ""ז',כ'.‏",מי אמר למי,שמע בקולי לאשר אני מצווה אותך?,יצחק לעשיו.
"בראשית א',ב'.‏",נכון או לא נכון,לא זכר את יוסף?,נכון
"בראשית ד',כ""ו'.‏",נכון או לא נכון,זכר ונקבה ברא אותם נאמר על הבהמות וחיות השדה?,נכון
"בראשית ח',י""א'.‏",נכון או לא נכון,בימי אנוש הוחל לקרוא בשם השם?,נכון
"בראשית כ""א',י""ד'‏",נכון או לא נכון,תנור עשן ולפיד אש בהפיכת סדום ועמורה?,נכון
"בראשית כ""א',כ""ה‏",נכון או לא נכון,הגר תעתה במדבר באר שבע?,נכון
"בראשית ל""ב',כ""ה'‏",נכון או לא נכון,יצחק אמר לעשו גשה נא ואמושך בני?,נכון
"בראשית ל""ב',ל""ג'.‏",נכון או לא נכון,יעקב נאבק עם האיש עד זריחת השמש?,נכון
"בראשית ל""ב',כ""ה'‏",נכון או לא נכון,בני ישראל לא אוכלים את גיד הנשה?,נכון
"בראשית מ""ג',ל'.‏",נכון או לא נכון,יוסף הזכיר לאחיו את החלומות אשר חלם להם?,נכון
"בראשית מ""ג',ל""ב'‏",נכון או לא נכון,כאשר נכמרו רחמי יוסף אל אחיו הלך לבכות בחדרו?,נכון
"בראשית נ',כ""ג'.‏",נכון או לא נכון,יוסף השביע את פרעה להרשות לו לעלות לקבור את אביו?,נכון
"בראשית נ',כ""ו'.‏",נכון או לא נכון,יוסף ראה לאפרים בני שלשים?,נכון
"בראשית כ""ט',כ""ד'‏",נכון או לא נכון,רחל שמחה כשנולדו בנים ללאה אחותה?,נכון
"בראשית כ""ד',ל'.‏",נכון או לא נכון,יצחק אהב את עשו כיון שהוא היה יושב אוהלים?,נכון
"בראשית י""ט',ל""ד'‏",נכון או לא נכון,הגר תעתה במדבר יהודה?,נכון
"בראשית י""ט',כ""ג'.‏",נכון או לא נכון,בנות לוט השקו את אביהן יין?,נכון
"בראשית י""ד',י""ט'.‏",נכון או לא נכון,כל אנשי סדום הוכו בסנורים?,נכון
"בראשית מ""ז',ח'.‏",נכון או לא נכון,כנען היה בנו של נח?,נכון
"בראשית א',כ""א'-‏
כ""ג'.‏",נכון או לא נכון,האם אלקים נתן את המאורות ברקיע השמים כדי  להא           יר את השמים?,לא נכון
"בראשיתא',כ""ז'.‏",נכון או לא נכון,האם התנינים הגדולים נבראו ביום הששי?,לא נכון
"בראשית ט""ו',י'.‏",נכון או לא נכון,היונה שבה אל נח עם עלי זית בפיו?,לא נכון
"בראשית ט""ו',י""ז'.‏",נכון או לא נכון,ואת הצפור בתר?,לא נכון
"בראשית כ""ד',ל""ג'.‏",נכון או לא נכון,הוכיח אברהם את אבימלך על אודות באר המים?,לא נכון
"בראשית כ""ז',כ""א'‏",נכון או לא נכון,אליעזר אמר שלא ידבר עד שיגמור לאכול?,לא נכון
"בראשית מ""א',מ""ב'.‏",נכון או לא נכון,המילדת קשרה שני על ידו של זרח?,לא נכון
"בראשית מ""ב',ט'.‏",נכון או לא נכון,פרעה הסיר את כתרו מעל ראשו ושם אותו על ראש יוסף?,לא נכון
"בראשית מ""ה',כ""ב'.‏",נכון או לא נכון,המצרים אינם אוכלים עם העברים לחם כי תועבה היא למצרים?,לא נכון
"בראשית מ""ו',י""ז.‏",נכון או לא נכון,יוסף נתן חמש חליפות שמלות לכל אחד מאחיו?,לא נכון
"בראשית נ',ה'-ו'.‏",נכון או לא נכון,שם בתו                                                                 של נפתלי שרח?,לא נכון
"בראשית ל',א'.‏",נכון או לא נכון,חנטו את יוסף ושמו אותו בארון במצרים?,לא נכון
"בראשית כ""ה',כ""ח'.‏",נכון או לא נכון,זלפה הייתה שפחת לאה?,לא נכון
"בראשית כ""א',ל""ג'‏",נכון או לא נכון,אליעזר עמד על הגמלים על העין?,לא נכון
"בראשית כ""א',י""ד'‏",נכון או לא נכון,אברהם נטע אשל בחברון?,לא נכון
"בראשית י""ט',י""א'.‏",נכון או לא נכון,השמש יצא על הארץ כאשר לוט עזב                                        את סדום?,לא נכון
"בראשית ט',י""ח'.‏",נכון או לא נכון,ברכת מלכי צדק מלך שלם לאברהם ברוך אברם לאל עליון?,לא נכון
"בראשית כ""ד',ל""א'‏",מי אמר למי,כי הבאת עלי ועל ממלכתי חטאה גדולה?,לבן לאליעזר.
"בראשית כ""ד',ל""א'‏",מי אמר למי,שבו לכם פה עם החמור?,לבן לאליעזר.
"בראשית כ""ט',י""ט'‏",מי אמר למי,ושמרתיך בכל אשר תלך?,לבן ליעקב.
"בראשית י""ט',י""ד'.‏",מי אמר למי,ישפוט ה ביני וביניך?,לוט לחותניו.
"בראשית ד',כ""ג'.‏",מי אמר למי,גדול עווני מנשוא?,למך לנשיו.
"בראשית ט""ז',ח'.‏",מי אמר למי,מה תתן לי ואנכי הולך ערירי?,מלאך ה' להגר.
"בראשית י""ד',כ""א'‏",מי אמר למי,אנשים אחים אנחנו?,מלך סדום לאברהם.
"בראשית כ""ז',ל""ו'.‏",מי אמר למי,כי הקרה האלקיך לפני?,עשיו ליצחק.
"בראשית י""ב',י,ח'.‏",מי אמר למי,למה חרה לך ולמה נפלו פניך?,פרעה לאברהם.
"בראשית מ""א',ל""ט'.‏",מי אמר למי,האנשים האלה שלמים הם אתנו?,פרעה ליוסף.
"בראשית ד',י""ג'.‏",מי אמר למי,אותך ראיתי צדיק לפני בדור הזה?,קין לה'.
"בראשית כ""ז',ח'.‏",מי אמר למי,לא ידעתי יום                                                                  מותי?,רבקה ליעקב.
"בראשית ל',א'.‏",מי אמר למי,טוב תתי אותה לך מתתי אותה לאיש אחר?,רחל ליעקב.
"בראשית ט""ז',ה'.‏",מי אמר למי,אחותי בת אבי היא אך לא בת אמי?,שרה לאברהם.
"בראשית ה',כ""ד'‏",על מי/מה נאמר,מעט ורעים היו ימי שני חיי?,חנוך.
"בראשית ט',כ""ה'‏",על מי/מה נאמר,איננו כי לקח אותו אלקים?,כנען.
"בראשית י""ג', י""ג'‏",על מי/מה נאמר,עבד עבדים יהיה לאחיו?,אנשי סדום.
"בראשית ט""ז',י""ב'‏",על מי/מה נאמר,רעים וחטאים לה מאד?,ישמעאל.
"בראשית ט',ג'‏",על מי/מה נאמר,והוא יהיה פרא אדם?,בעלי החיים.
"בראשית ט',י""ג'‏",על מי/מה נאמר,כירק עשב נתתי לכם את כל?,הקשת בענן.
"בראשית ט',כ""א'‏",על מי/מה נאמר,והייתה לאות ברית ביני ובין הארץ?,נח.
"בראשית כ""ה',כ""ז'‏",על מי/מה נאמר,וישת מן היין וישכר?,יעקב.
"בראשית ל""ז',ג'‏",על מי/מה נאמר,איש תם יושב אוהלים?,יוסף.
"בראשית כ""ו',כ""ט'‏",על מי/מה נאמר,ויצוק עליה שמן?,יצחק.
"בראשית כ""ח',י""ב'‏",על מי/מה נאמר,אתה עתה ברוך ה?,סולם.
"בראשית כ""ט',ל""א'-‏
ל""ג'‏",על מי/מה נאמר,מוצב ארצה וראשו מגיע השמימה?,לאה.
"בראשית ל""ג',י'‏",על מי/מה נאמר,שנואה?,עשיו.
"בראשית ל""ד',ב'.‏",על מי/מה נאמר,כי על כן ראיתי פניך כראות פני אלקים ותרצני?,שכם.
"בראשית כ""ח',י""ז'‏",על מי/מה נאמר,נשיא הארץ?,בית אלקים.
"בראשית מ',י""ג'‏",על מי/מה נאמר,מה נורא המקום הזה?,שר המשקים.
"בראשית מ""א',מ""ט'‏",על מי/מה נאמר,והשיבך על כנך?,בר.
"בראשית מ',י'‏",על מי/מה נאמר,כחול הים הרבה מ אד עד כי חדל לספור כי אין מספר?,גפן.
"בראשית מ',י""ז'‏",על מי/מה נאמר,והיא כפורחת עלתה נצה?,העוף.
"בראשית ב',ו'‏",על מי/מה נאמר,אוכל אותם מן הסל מעל ראשי?,אד.
"בראשית ג',י""ח'‏",על מי/מה נאמר,יעלה מן הארץ והשקה את כל פני האדמה?,האדמה.
"בראשית ו',ט""ז'‏",על מי/מה נאמר,וקוץ ודרדר תצמיח לך?,תבה.
"בראשית ט',כ""ז'‏",על מי/מה נאמר,תחתיים שניים ושלישים תעשה?,יפת.
"בראשית י',כ""ה‏",על מי/מה נאמר,וישכון באהלי שם?,פלג.
"בראשית י""א',ו'‏",על מי/מה נאמר,בימיו נפלגה?,דור הפלגה.
"בראשית י""ב',י""ד‏",על מי/מה נאמר,עם אחד ושפה אחת לכלם?,שרה.
"בראשית י""ג',י'‏",על מי/מה נאמר,יפה היא מאד?,סדום.
"בראשית ט""ו',ב'‏",על מי/מה נאמר,כגן ה כארץ מצרים?,אליעזר.
"בראשית י""ט',ט'‏",על מי/מה נאמר,בן משק ביתי?,אנשי סדום.
"בראשית כ""ד',ס'‏",על מי/מה נאמר,האחד בא לגור וישפוט שפוט?,רבקה.
"בראשית ל""א',ז'‏",על מי/מה נאמר,אחותנו את היי לאלפי רבבה?,לבן.
"בראשית ל""ב',כ""ט'‏",על מי/מה נאמר,החליף את משכורתי עש                                                  רת מונים?,ישראל.
"בראשית מ""ד', ה'‏",על מי/מה נאמר,כי שרית עם אלקים ועם אנשים ותוכל?,גביע הכסף.
